# --- Sample dataset

# --- !Ups

insert into category (id,name) values ( 1,'Patches' );
insert into category (id,name) values ( 2,'Vinyl' );
insert into category (id,name) values ( 3,'t-shirts' );
insert into category (id,name) values ( 4,'Denim/Leather Jackets' );
insert into category (id,name) values ( 5,'Hoodies' );
insert into category (id,name) values ( 6,'CDs' );
insert into category (id,name) values ( 7,'posters' );
insert into category (id,name) values ( 8,'Accessories' );

insert into product (id,name,description,stock,price) values ( 1,'Pantera - Hoodie','Brand new - Sizes range from M-XL',36,40.00 );
insert into product (id,name,description,stock,price) values ( 2,'Dio - Hoodie','Brand new - Sizes range from M-XL',46,40.00 );
insert into product (id,name,description,stock,price) values ( 3,'Metallica - Kill em all - patch','Woven sew on patch, 4x4(inch)',8,5.00 );
insert into product (id,name,description,stock,price) values ( 4,'Death - The sound of Perseverence - t-shirt','Brand new - Sizes range from M-XL',42,20.00 );
insert into product (id,name,description,stock,price) values ( 5,'Anthrax - Fistful of Metal - t-shirt','Brand new - Sizes range from M-XL',30,20.00 );
insert into product (id,name,description,stock,price) values ( 6,'Bullet Belt','Brand new - Made From real bullet shells',12,50.00 );
insert into product (id,name,description,stock,price) values ( 7,'MegaDeth - Peace sells - CD','Brand new unsealed',50,10.00 );
insert into product (id,name,description,stock,price) values ( 8,'Testament - Legacy - poster','Brand new 12x8(inch) poster',31,10.00 );
insert into product (id,name,description,stock,price) values ( 9,'Sepultura - Beneath the remains - t-shirt','Brand new - Sizes range from M-XL',5,299.00 );
insert into product (id,name,description,stock,price) values ( 10,'Black Sabbath - Hoodie','Brand new - Sizes range from M-XL',10,40.00 );
insert into product (id,name,description,stock,price) values ( 11,'Black sleeveless Denim Jacket','Brand new - Sizes range from M-XL',9,55.00 );
insert into product (id,name,description,stock,price) values ( 12,'Metallica - Ride The Lightening - Vinyl','Brand new unsealed - 12(inch) Vinyl',20,30.00 );

insert into product (id,name,description,stock,price) values ( 13,'Sepultura - Beneath the remains - Patch','Woven sew on patch, 4x4(inch)',42,5.00 );
insert into product (id,name,description,stock,price) values ( 14,'Heathen - Victims of Deception - Patch','Woven sew on patch, 4x4(inch)',22,5.00 );
insert into product (id,name,description,stock,price) values ( 15,'Judas Priest - Screaming for vengeance - Patch','Woven sew on patch, 4x4(inch)',65,5.00 );
insert into product (id,name,description,stock,price) values ( 16,'Sacred Reich - The American Way - Patch','Woven sew on patch, 4x4(inch)',23,5.00 );
insert into product (id,name,description,stock,price) values ( 17,'Obituary - Cause Of Death - Patch','Woven sew on patch, 4x4(inch)',34,5.00 );
insert into product (id,name,description,stock,price) values ( 18,'Death - Symbolic - Patch','Woven sew on patch, 4x4(inch)',36,5.00 );

insert into product (id,name,description,stock,price) values ( 19,'Anthrax - Fistful Of Metal - Vinyl','Brand new unsealed - 12(inch) Vinyl',25,35.00 );
insert into product (id,name,description,stock,price) values ( 20,'Evile - Five Serpents Teeth - Vinyl','Brand new unsealed - 12(inch) Vinyl',23,30.00 );
insert into product (id,name,description,stock,price) values ( 21,'Grim Reaper - Rock You To Hell - Vinyl','Brand new unsealed - 12(inch) Vinyl',19,35.00 );
insert into product (id,name,description,stock,price) values ( 22,'Pantera - Cowboys From Hell - Vinyl','Brand new unsealed - 12(inch) Vinyl',21,30.00 );

insert into product (id,name,description,stock,price) values ( 23,'Dawn Of Disease - Through Timeless Ages - t-shirt','Brand new - Sizes range from M-XL',50,25.00 );
insert into product (id,name,description,stock,price) values ( 24,'Exodus - Bonded by blood - t-shirt','Brand new - Sizes range from M-XL',33,20.00 );
insert into product (id,name,description,stock,price) values ( 25,'Darth Vader - Heavy Metal - t-shirt','Brand new - Sizes range from M-XL',41,25.00 );

insert into product (id,name,description,stock,price) values ( 26,'blue sleeveless Denim Jacket','Brand new - Sizes range from M-XL',5,55.00 );
insert into product (id,name,description,stock,price) values ( 27,'Blue sleeved Denim Jacket','Brand new - Sizes range from M-XL',4,60.00 );
insert into product (id,name,description,stock,price) values ( 28,'Real Black Leather Jacket','Brand new - Sizes range from M-XL',8,80.00 );

insert into product (id,name,description,stock,price) values ( 29,'Anthrax - Hoodie','Brand new - Sizes range from M-XL',26,40.00 );
insert into product (id,name,description,stock,price) values ( 30,'BFMV - Hoodie','Brand new - Sizes range from M-XL',30,35.00 );
insert into product (id,name,description,stock,price) values ( 31,'misfits - Hoodie','Brand new - Sizes range from M-XL',38,40.00 );
insert into product (id,name,description,stock,price) values ( 32,'Iron Maiden - Hoodie','Brand new - Sizes range from M-XL',21,35.00 );

insert into product (id,name,description,stock,price) values ( 33,'Skull Fist - Head Of The Pack - CD','Brand new unsealed',25,6.00 );
insert into product (id,name,description,stock,price) values ( 34,'Running Wild - Death Or Glory - CD','Brand new unsealed',20,6.00 );
insert into product (id,name,description,stock,price) values ( 35,'Judas Priest - The sad wings of destiny - CD','Brand new unsealed',37,8.00 );
insert into product (id,name,description,stock,price) values ( 36,'Metallica - And Justice for all - CD','Brand new unsealed',45,8.00 );

insert into product (id,name,description,stock,price) values ( 37,'Warbringer - poster','Brand new 12x8(inch) poster',23,10.00 );
insert into product (id,name,description,stock,price) values ( 38,'Amon Amarth - Deceiver of The Gods - poster','Brand new 12x8(inch) poster',28,10.00 );
insert into product (id,name,description,stock,price) values ( 39,'Slayer - Repentless - poster','Brand new 12x8(inch) poster',30,10.00 );

insert into product (id,name,description,stock,price) values ( 40,'Leather Arm Wear','Brand new - Made From real Leather',24,25.00 );
insert into product (id,name,description,stock,price) values ( 41,'Studed Belt','Brand new - Made From quality material',13,15.00 );




insert into category_product (category_id,product_id) values (5,1);
insert into category_product (category_id,product_id) values (5,2);
insert into category_product (category_id,product_id) values (1,3);
insert into category_product (category_id,product_id) values (3,4);
insert into category_product (category_id,product_id) values (3,5);
insert into category_product (category_id,product_id) values (8,6);
insert into category_product (category_id,product_id) values (6,7);
insert into category_product (category_id,product_id) values (7,8);  
insert into category_product (category_id,product_id) values (3,9);
insert into category_product (category_id,product_id) values (5,10);
insert into category_product (category_id,product_id) values (4,11);
insert into category_product (category_id,product_id) values (2,12);

insert into category_product (category_id,product_id) values (1,13);
insert into category_product (category_id,product_id) values (1,14);
insert into category_product (category_id,product_id) values (1,15);
insert into category_product (category_id,product_id) values (1,16);
insert into category_product (category_id,product_id) values (1,17);
insert into category_product (category_id,product_id) values (1,18);

insert into category_product (category_id,product_id) values (2,19);
insert into category_product (category_id,product_id) values (2,20);
insert into category_product (category_id,product_id) values (2,21);
insert into category_product (category_id,product_id) values (2,22);

insert into category_product (category_id,product_id) values (3,23);
insert into category_product (category_id,product_id) values (3,24);
insert into category_product (category_id,product_id) values (3,25);

insert into category_product (category_id,product_id) values (4,26);
insert into category_product (category_id,product_id) values (4,27);
insert into category_product (category_id,product_id) values (4,28);

insert into category_product (category_id,product_id) values (5,29);
insert into category_product (category_id,product_id) values (5,30);
insert into category_product (category_id,product_id) values (5,31);
insert into category_product (category_id,product_id) values (5,32);

insert into category_product (category_id,product_id) values (6,33);
insert into category_product (category_id,product_id) values (6,34);
insert into category_product (category_id,product_id) values (6,35);
insert into category_product (category_id,product_id) values (6,36);

insert into category_product (category_id,product_id) values (7,37);
insert into category_product (category_id,product_id) values (7,38);
insert into category_product (category_id,product_id) values (7,39);

insert into category_product (category_id,product_id) values (8,40);
insert into category_product (category_id,product_id) values (8,41);



insert into user (email,name,password,role) values ( 'admin@products.com', 'Leon Admin', 'password', 'admin' );

insert into user (email,name,password,role,street1,street2,town,post_code,credit_card) values ( 'customer@products.com', 'Leon Walker OBrien', 'password', 'customer' , '123 Street' , 'Coolock' , 'Dublin', 'Dublin 5', '1236 7123 4233 6770' );
insert into user (email,name,password,role,street1,street2,town,post_code,credit_card) values ( 'customer2@products.com', 'John Johnson', 'password', 'customer' , '724 Street' , 'Ballymun' , 'Dublin', 'Dublin 8', '1234 7523 8443 3456' );
insert into user (email,name,password,role,street1,street2,town,post_code,credit_card) values ( 'customer3@products.com', 'James Hetfield', 'password', 'customer' , '920 Street' , 'Blanch' , 'Dublin', 'Dublin 19', '1434 4523 8123 3478' );


insert into genre (id,name) values ( 1,'Death Metal' );
insert into genre (id,name) values ( 2,'Thrash Metal' );
insert into genre (id,name) values ( 3,'Power Metal' );
insert into genre (id,name) values ( 4,'NWOBH' );
insert into genre (id,name) values ( 5,'Black Metal' );


insert into article (id,name,story) values ( 1, 'New Havok Album', 'Its safe to say thrash metal has seen a bit of a revival lately. Havoks new album conformicide certainly shows this. The sound on this album is about as barebones and classic as thrash metal gets.' );
insert into article (id,name,story) values ( 2, 'Obituary set to release new record this year', 'Florida Death Metal behemoths Obituary are going back to the studio to record a brand new album, and they need your help! Low on funds and have opened a kickstarter account for anyone who wants to donate' );
insert into article (id,name,story) values ( 3, 'Dragon Force - Absence of keyboard player', 'Marc said: hes an amazing keyboard player and we want people to know hes definitely part of the band. So I think, for that reason, I think its better to maybe not give the fans the impression that hes been replaced.' );
insert into article (id,name,story) values ( 4, 'Burzum will never play a concert', 'They will never ever ever play a show because Varg is a psycho and cannot work with other folks in the industry without killing them.' );
insert into article (id,name,story) values ( 5, 'Iron maiden belgian beer hit the US market soon', 'Iron Maiden and Robinsons Brewery have announced that their latest collaboration beer HALLOWED will be released in October of this year, and is available for pre-order now.' );
insert into article (id,name,story) values ( 6, 'New Kreator Album', 'Gods of Violence is album number 14 for legendary Kreator, Although mostly remembered for their influence and impact on the Euro-thrash scene in the 80s. Gods of Violence is following the same curve essentially' );

insert into article (id,name,story) values ( 7,'Accept play with orchestra','German/American heavy metal veterans ACCEPT celebrated the release of their new album, The Rise Of Chaos, with sharing the stage with the orchestra, supported by a complex multimedia show.');
insert into article (id,name,story) values ( 8,'Panteras power metal album 29 years old','Power Metal is the 4th studio album by Pantera, released in May 1988. It is the first Pantera album to feature Phil Anselmo on vocals. The album showcases a more aggressive style which sounds');
insert into article (id,name,story) values ( 9,'Mayhem announce European tour','MAYHEM are announcing yet another leg of their European Purgatorium-tour that comes with the complete performance of their black metal landmark debut album De Mysteriis Dom Sathanas.');
insert into article (id,name,story) values ( 10,'Melodic Death Metal: The Point Of Entry To Extreme Metal Music','The point is: melodic death metal is too noisy even to NWOBHM, hard rock, and old school Heavy Metal fans. In my personal experience: melodic death metal was my point of entry to extreme metal music. ');
insert into article (id,name,story) values (11,'SLAYER Performs Raining Blood On The Tonight Show Starring Jimmy Fallon','Two-time Grammy-winning thrash metal legends SLAYER performed their iconic song Raining Blood on last nights  edition of NBCs The Tonight Show Starring Jimmy Fallon. ');
insert into article (id,name,story) values (12,'dgaerg','eargaer');


insert into genre_article (genre_id,article_id) values (2,1);
insert into genre_article (genre_id,article_id) values (1,2);
insert into genre_article (genre_id,article_id) values (3,3);
insert into genre_article (genre_id,article_id) values (5,4);
insert into genre_article (genre_id,article_id) values (4,5);
insert into genre_article (genre_id,article_id) values (2,6);
insert into genre_article (genre_id,article_id) values (4,7);
insert into genre_article (genre_id,article_id) values (3,8);
insert into genre_article (genre_id,article_id) values (5,9);
insert into genre_article (genre_id,article_id) values (1,10);
insert into genre_article (genre_id,article_id) values (2,11);
insert into genre_article (genre_id,article_id) values (3,12);
